cycle,year,n_unwt,sbp_mean,sbp_se,sbp_ci_lo,sbp_ci_hi,dbp_mean,dbp_se,dbp_ci_lo,dbp_ci_hi
G,2012,3267,125.79456173063753,0.6764182538853993,124.46878195302214,127.1203415082529,73.3985088657509,0.5842717866231211,72.25333616396958,74.54368156753222
H,2014,3537,126.37206898447592,0.5332373419583539,125.32692379423754,127.41721417471429,71.65639900919145,0.3320610225156158,71.00555940506084,72.30723861332206
I,2016,3507,128.7039199572879,0.45989527479809345,127.80252521868363,129.60531469589216,72.08776115346258,0.6090555551056714,70.89401226545546,73.2815100414697
J,2018,3445,129.04187040409994,0.5938550582753658,127.87791448988023,130.20582631831965,74.83989434395671,0.6212118120231116,73.62231919239142,76.05746949552201
L,2022,3674,125.75221317976315,0.2981120425926889,125.16791357628148,126.33651278324481,77.37419198824422,0.2691971899947463,76.84656549585452,77.90181848063392
