metric,prop,se
aTRH prevalence among treated (G-J),0.8600331014559883,0.005811737745489058
