outcome,slope_mmHg_per_yr,se,p_value,p_value_full,significant
sbp_mean,0.041211521458350546,0.0644780984436692,0.5246436506220353,5.2464365062e-01,FALSE
dbp_mean,0.49792911327203215,0.059987963007491193,2.925032952032184e-12,2.9250329520e-12,TRUE
