set,prop_prevent_ge20,se
complete_case,0.8440014064116435,0.004869550900107653
proxy_expanded,0.8330163970857484,0.004798411300695153
