set,prop_prevent_ge20,se
complete_case,0.8501673774747734,0.004821109825916115
proxy_expanded,0.839545322033227,0.004787048703454254
