scenario,threshold,prop_exceed,se
lower,7.5,0.4580661351479008,0.007418132452032079
lower,10,0.37204447264903795,0.007678888248212096
primary,7.5,0.44627423786007986,0.007859280342265492
primary,10,0.35794113974841135,0.007777130694660622
upper,7.5,0.43751339696664227,0.008243916085356844
upper,10,0.34569144080543635,0.00747161323213677
